lead_id,code,origin,lead_text,lead_received,resolution,resolved_source_ids,resolution_notes,evidence,resolved_date
LD-001,CCC,conductor_brief,Yale historical Book V translation,2026-10-05,unresolved,SRC-0008,"Searched (standard+extended, targeted): no Yale catalogue record or Book V (Family) translation located. Search results only show unrelated Book V commentary and a 1980/2008-era bilingual CCC. Not rejected: Yale OPAC not directly queried (venue not frozen; JS catalogue). Bibliographic detail (title, translator, year) not supplied with the lead.",WebSearch 2026-10-05 (2 queries); HathiTrust record 007324494 'The civil and commercial code; book I-VI' surfaced but could not be read (HTTP 403 / no text) - see SRC-0005,2026-10-05
LD-002,CCC,conductor_brief,NHRC catalogue entry for ป.พ.พ. บรรพ 1-6 with English translation and glossary,2026-10-05,unresolved,SRC-0009,"NHRC (library.nhrc.or.th) catalogue record not located. Candidate matches by description, NOT confirmed identical: SRC-0002 (Kamol Santhikesetrin, Nitibannakarn 2000, Thai-English, Books 1-6, SPU catalogue) and SRC-0003 (Yongyut Wiriyayoothangkool translator, Sutra Paisarn). A search-result summary (not examined, unreliable) also mentioned a 7th-edition glossary-bearing Kamol/Rungwattana-type edition (453 pp).","SPU Library catalogue records bib/71017, bib/117613 (fetched 2026-10-05); WebSearch Thai-language query",2026-10-05
LD-003,CCC,conductor_brief,"Pinai Nanakorn, English Translation of CCC Book I and Book II, Winyuchon 2021",2026-10-05,unresolved,SRC-0007,"No catalogue record, publisher page or review located by targeted English and Thai-name searches. Registered as an unverified seed (bibliographic data exactly as supplied). Not rejected. PASS 2 (no new evidence): not found in the independent catalogue checks made for other records.",WebSearch 2026-10-05 (English and Thai-script queries),2026-10-05
LD-004,PENAL,conductor_brief,NHRC catalogue entry for Yongyut Wiriyayoothangkool translation,2026-10-05,unresolved,SRC-0016,"NHRC record not located. NOTE (possible correction): in the only catalogue record found naming Yongyut Wiriyayoothangkool (SPU bib/117613) he is translator of the CIVIL AND COMMERCIAL CODE (Thai-English, Sutra Paisarn, 416 pp), not the Penal Code (SRC-0003). The lead may refer to a different NHRC item, or the Code attribution may be wrong - unresolved.",SPU Library bib/117613 fetched 2026-10-05; WebSearch (Thai+English),2026-10-05
LD-005,PENAL,conductor_brief,Netayasupha Pisitpit / Watcharavutthichai 2008 translation identified in prior research,2026-10-05,partially_confirmed,SRC-0014;SRC-0026,"Authors and work CONFIRMED by a 2024 book review: Amnart Netayasupha, Piyaphon Pisitpit, Benjaporn Watcharavutthichai, Criminal Code (Thai-English edition), 3rd ed, Winyuchon 2013. The year 2008 is NOT confirmed (no 2008 edition located); it may be an earlier edition - unresolved. Edition-to-edition relationship is not established, so no source family is created. PASS 2: an independent catalogue (Open Library) shows a Thai-English penal code by the same authors/publisher dated 2010 (SRC-0026; note on amendments to B.E. 2551), not 2008 or 2013; edition relationships unestablished. The lead's 2008 may reflect that B.E. 2551 amendment note (hypothesis only).","Thai Legal Studies (2024) Vol 4 No 2, review of Ronnakorn Bunmee, Thai Criminal Law (fetched 2026-10-05) - reference-list entry only; book itself not seen",2026-10-05
LD-006,PENAL,conductor_brief,Korea Legislation Research Institute English version,2026-10-05,unresolved,SRC-0017,No KLRI publication of a Thai Penal Code translation located; KLRI results concern Korean statutes (and a 2014 visit by Council of State officials). Absence of a hit is NOT evidence of absence (KLRI database not searched directly). Preserved as unresolved seed.,WebSearch 2026-10-05 (2 queries); klri.re.kr result snippets only,2026-10-05
LD-007,PENAL,conductor_brief,ThaiLawOnline English version of Penal Code,2026-10-05,confirmed,SRC-0018,"CONFIRMED to exist: per-section English on thailawonline.com (Penal Code section pages read: s.2, s.85/1, s.280/1 surfaced). Self-described 'unofficial translation by ThaiLawOnline'; per-page 'Page updated' dates (e.g. 7 Aug 2026 on s.2); Thai version/amendment not stated on the page read. Library page claims 448 sections.",thailawonline.com/thai-penal-code/section-2/ and /thai-law-library/ fetched 2026-10-05,2026-10-05
LD-008,CIVPRO,conductor_brief,Office of the Attorney General English translation of Civil Procedure Code Amendment No. 29 B.E. 2558,2026-10-05,unresolved,SRC-0021,"UNRESOLVED (publisher/translation). CORRECTION of the earlier note: the LED PDF (SRC-0020, English translation of the Act Amending the CPC (No. 30), B.E. 2560, prepared by a legal research foundation for the Legal Execution Department) itself cites 'the Act Amending the Civil Procedure Code (No. 29), B.E. 2558 (2015)' in its section 20 (and No. 28 B.E. 2558 in s.3), so the lead's amendment number/year pair is a real amending Act. No OAG-hosted English translation of it was located (OAG not directly searched). The lead's 'government-published' attribution to the OAG remains unconfirmed.",SRC-0020 PDF p.6 (s.20); led.go.th PDF; Pass 2 verifier (batch D),2026-10-05
LD-009,CIVPRO,conductor_brief,ThaiLawOnline English CPC,2026-10-05,confirmed,SRC-0018,"CONFIRMED to exist: per-section English on thailawonline.com (CPC s.1 page read: 'unofficial translation by ThaiLawOnline', 'Page updated: July 25, 2026'; Thai version not stated). Library page claims all 474 sections.",thailawonline.com/thai-civil-procedure-code/section-1/ and /thai-law-library/ fetched 2026-10-05,2026-10-05
LD-010,CRIMPRO,conductor_brief,Leeds research indicating no official English translation was identified,2026-10-05,unresolved,,"The Leeds study was not located; this lead is a CLAIM about absence, not a source. It is preserved as a literature lead. Independently, ThaiLawOnline asserts that no Thai text-only government translation carries legal force (a general statement, not evidence of absence for CrPC). No translation gap may be inferred from it.",WebSearch 2026-10-05 (1 query); no Leeds document found,2026-10-05
LD-011,CRIMPRO,conductor_brief,Office of the Attorney General English translation of Criminal Procedure Code Amendment No. 30 B.E. 2558,2026-10-05,unresolved,SRC-0025,"No OAG-hosted English translation located (3 targeted queries). Related items found: ICJ-hosted English CrPC to B.E. 2551 (SRC-0024), Sutra Paisarn Thai-English CrPC update to No. 29 B.E. 2551 (SRC-0023). The lead's amendment number/year unconfirmed.",WebSearch 2026-10-05; ICJ PDF read,2026-10-05
LD-101,PENAL,incidental,"Wikisource 'Translation:' namespace pages for Penal Code amendment Acts (e.g. Act Amending the Penal Code No. 12 B.E. 2486, No. 13 B.E. 2487, No. 15 B.E. 2496; Criminal Code Amendment Act No. 19 B.E. 2550; Act Amending the Penal Code No. 22 B.E. 2558 incl. an Errata page)",2026-10-05,noted_not_examined,,"Surfaced incidentally in search results (titles only). Community translations of amending Acts (amendment-only). Page content, translator, licence and completeness NOT examined; Atlas must not treat them as verified.",WebSearch result titles 2026-10-05,2026-10-05
LD-102,CRIMPRO,incidental,Wikisource 'Translation:Criminal Procedure Code of Thailand/Provisions',2026-10-05,noted_not_examined,,Surfaced incidentally; not examined.,WebSearch result titles 2026-10-05,2026-10-05
LD-103,CIVPRO,incidental,WSR Law Group 'Thailand Civil Procedure Code' law-library pages (wsrlawgroup.com),2026-10-05,noted_not_examined,,Surfaced incidentally; not examined.,WebSearch result 2026-10-05,2026-10-05
LD-104,CCC,incidental,siam-legal.com Thai Civil and Commercial Code library,2026-10-05,noted_not_examined,,Surfaced incidentally; not examined.,WebSearch result 2026-10-05,2026-10-05
LD-105,MULTI,incidental,Open Development Mekong 'laws_record' entries for Thai Criminal Procedure Code and Code of Civil Procedure (data.opendevelopmentmekong.net),2026-10-05,noted_not_examined,,Surfaced incidentally as resource records; not examined (may be mirrors of other sources).,WebSearch result 2026-10-05,2026-10-05
LD-106,CCC,incidental,HathiTrust record 007324494 'The civil and commercial code; book I-VI' (also mentioned: a bilingual 1939 edition),2026-10-05,noted_not_examined,SRC-0005,Record exists in HathiTrust per search result; page content could not be read (HTTP 403; browser returned no text). Registered as SRC-0005 unverified.,WebSearch result; WebFetch HTTP 403; Chrome page text unavailable,2026-10-05
